Employee,MAC,IP
Nicole Martin,24:25:b9:92:0c:41,10.10.0.1
Nicole Simmons,0e:a9:e3:2e:62:77,10.10.0.2
Rachel Mendoza,d6:21:2a:3e:39:0d,10.10.0.3
Anthony Ramsey,7b:79:ce:0b:45:89,10.10.0.4
Matthew Zamora,ef:7c:f3:c9:91:62,10.10.0.5
Susan Mclaughlin,95:4a:37:47:ed:d5,10.10.0.6
Brittany Cruz,b4:1c:ea:1b:96:e4,10.10.0.7
Veronica Wong,d9:29:44:73:22:af,10.10.0.8
Michelle Payne,db:7b:5c:a4:ca:74,10.10.0.9
Jimmy Stevens,e8:bd:d0:94:41:95,10.10.0.10
Michael Smith,81:f1:ec:4e:a5:47,10.10.0.11
Charles Hale,4b:89:f6:f9:3e:6c,10.10.0.12
Megan Banks,d2:2e:3a:fd:6f:b7,10.10.0.13
Calvin Sanders,6e:31:db:d4:b7:24,10.10.0.14
Michael Harris,29:9b:fd:d0:cd:d8,10.10.0.15
Melinda Moss,40:4e:5d:a2:d0:51,10.10.0.16
Breanna Adkins,eb:e1:40:bb:16:c7,10.10.0.17
Matthew Gonzalez DDS,46:b9:3b:55:5a:8f,10.10.0.18
Erin Aguirre,90:7b:a8:3f:78:4f,10.10.0.19
Garrett Johnson,da:e0:2e:f0:0b:ba,10.10.0.20
Brian Howell,40:5e:76:66:24:c3,10.10.0.21
Tony Peters,25:7a:9e:03:70:27,10.10.0.22
Lisa Johnson,ab:c1:0d:5b:ec:9a,10.10.0.23
Samuel Wong,9b:90:cb:06:9c:1b,10.10.0.24
Joel Young,4c:fe:59:c4:aa:c6,10.10.0.25
Wendy Faulkner,e5:5e:97:9e:0e:6b,10.10.0.26
Joseph Hood,c8:2c:35:8c:15:54,10.10.0.27
Jack Harding,9f:85:65:76:2f:7a,10.10.0.28
Jessica Jones,15:d5:1e:99:14:d2,10.10.0.29
Megan Lane,11:2a:40:a8:88:92,10.10.0.30
Jeffrey Clark,9c:d7:1e:30:c4:26,10.10.0.31
Angela Ho,ce:7d:0a:5b:7d:de,10.10.0.32
Travis Evans,49:4e:f2:ad:4c:82,10.10.0.33
Jennifer Webb,8a:76:d1:85:1a:e2,10.10.0.34
Rachel Green,d2:c6:b6:22:87:d6,10.10.0.35
Helen Gonzalez,00:29:1f:b7:2f:7d,10.10.0.36
Ms. Ashley Ashley,13:97:20:25:fb:d6,10.10.0.37
Brian Marsh,a0:68:cc:ed:cd:4d,10.10.0.38
Kevin Jones,8b:9d:d2:05:72:e9,10.10.0.39
Anthony Wood,c6:1c:9c:3c:4e:f3,10.10.0.40
Michael Heath,69:9a:0c:e0:24:b5,10.10.0.41
Andrew Pierce,ed:e6:49:ca:45:d9,10.10.0.42
Maureen Burton,6e:07:bd:5e:c5:be,10.10.0.43
Kenneth Jones,39:1b:83:67:e8:68,10.10.0.44
Jamie Taylor,39:f7:e4:19:a8:fa,10.10.0.45
John Conrad,c6:2a:e5:48:ca:50,10.10.0.46
Desiree Marsh,d1:db:73:2a:7e:00,10.10.0.47
Carrie Miller,04:fd:71:13:a6:ec,10.10.0.48
Samantha Clark,e4:6f:e7:b9:6b:f6,10.10.0.49
Andrew Nguyen,1e:57:2f:c7:5c:86,10.10.0.50
Wanda Delgado,54:de:aa:dd:f5:48,10.10.0.51
Christina Cox,c2:95:20:55:ee:e7,10.10.0.52
Samuel Adams,13:9f:50:3a:5c:8f,10.10.0.53
Brendan Taylor,8f:d2:13:6c:73:0a,10.10.0.54
Cheryl Bailey,0f:1e:d1:99:d0:b6,10.10.0.55
Lisa Harrison,45:7e:f5:5e:09:43,10.10.0.56
Ryan Haynes,b7:05:47:93:90:4f,10.10.0.57
Valerie Myers,f2:39:c3:0e:d2:93,10.10.0.58
Tina Jones,2b:28:9f:20:83:2d,10.10.0.59
James Adams,4d:98:9c:6c:13:6f,10.10.0.60
Nicholas Cardenas Jr.,e3:dd:04:05:16:35,10.10.0.61
Arthur Mills,20:97:f1:d9:5a:74,10.10.0.62
Mr. Cole Jones,35:0a:4f:ad:42:49,10.10.0.63
Connie Hernandez,4d:af:6e:03:44:22,10.10.0.64
Phillip Archer,b3:da:cf:f1:ca:a1,10.10.0.65
Jason George,a3:41:4e:f2:8c:ea,10.10.0.66
Elizabeth White,fe:e0:b5:2b:7b:6e,10.10.0.67
Casey Brooks,92:6b:75:d3:36:6a,10.10.0.68
Stephanie Moore,ba:92:1e:f4:85:6a,10.10.0.69
Patricia Clarke,d9:31:cf:3d:d9:9d,10.10.0.70
Tracy Thompson,40:12:5c:96:ee:43,10.10.0.71
Sarah Anderson,aa:78:e6:f6:f4:1b,10.10.0.72
Holly Schneider,d9:17:2a:f2:fa:07,10.10.0.73
Casey Nichols,09:77:07:04:5e:70,10.10.0.74
Marc Morrison,1c:23:16:15:8f:50,10.10.0.75
Roberta Williams,1d:76:8e:be:5a:0e,10.10.0.76
Colin Hamilton,ca:9d:65:ad:f3:3c,10.10.0.77
James Smith,0c:fe:25:89:50:a1,10.10.0.78
Nancy Dodson,86:6b:19:97:64:6a,10.10.0.79
Stanley Valdez,01:fc:a7:5e:2f:0f,10.10.0.80
Ronnie Gibson,0e:83:f9:c0:89:5a,10.10.0.81
Lauren Rivera,9f:70:71:cd:62:05,10.10.0.82
Mark Holder,5e:be:88:5c:42:66,10.10.0.83
Shirley Watkins,e0:0c:aa:0b:64:c2,10.10.0.84
Gina Walker,85:a5:db:26:d7:98,10.10.0.85
Paul Yang,68:be:f4:ff:a8:97,10.10.0.86
Jose Fletcher,41:55:7b:18:cd:1b,10.10.0.87
Colleen Frost,e9:d1:fb:b2:a6:ac,10.10.0.88
Jennifer Barber,5c:c0:fd:4d:dd:73,10.10.0.89
Dominique Anthony,79:07:9f:00:c2:54,10.10.0.90
Harry Ayers,58:20:c6:4e:c4:7c,10.10.0.91
Julie Jacobs,f1:32:ed:73:70:2e,10.10.0.92
Brenda Drake,6c:48:c9:f9:a9:19,10.10.0.93
Andrea Baxter,83:36:d8:47:31:2b,10.10.0.94
Samuel Larson,dd:20:2c:e3:52:f9,10.10.0.95
Erik Curry,b8:4b:24:7b:f5:c5,10.10.0.96
Cynthia Casey,95:f1:77:14:b0:bc,10.10.0.97
Jonathan Mason,9d:2f:f4:74:f9:1c,10.10.0.98
Pamela Sullivan,bd:5b:31:95:56:b0,10.10.0.99
Morgan Bates,b2:27:d1:f0:7f:99,10.10.0.100
Francisco Davis,cf:5d:99:68:ea:94,10.10.0.101
Gabriella Hernandez,2f:9e:3e:a3:c0:76,10.10.0.102
Melanie Solis,fd:82:d7:0d:b3:ef,10.10.0.103
Daniel Allison,55:98:94:00:e7:b9,10.10.0.104
Cynthia Schmidt,ee:e3:9a:7a:da:97,10.10.0.105
Anna Dudley,5b:c2:ba:85:99:12,10.10.0.106
Joanna Davies,43:90:25:8d:49:33,10.10.0.107
Nathan Santos,d9:20:7b:6a:6d:7e,10.10.0.108
Melissa Harvey,d6:fa:66:86:b2:f9,10.10.0.109
Theodore Edwards,35:23:0d:d9:05:bd,10.10.0.110
Emily Williams,b2:06:16:d7:81:a5,10.10.0.111
Jason Marshall,97:f7:64:43:9a:ff,10.10.0.112
Barbara Johnson,4d:ba:20:c0:a6:e6,10.10.0.113
Linda Griffin,7c:1c:13:50:0f:26,10.10.0.114
Donald Saunders,60:4e:24:77:fe:6f,10.10.0.115
Jacob Harris,56:2d:9a:6d:16:6e,10.10.0.116
Jason King,47:f9:6c:6d:66:5c,10.10.0.117
Casey Strickland,3b:12:d9:6d:70:dd,10.10.0.118
Nicole Perez,ed:4d:5e:43:bb:0c,10.10.0.119
Thomas Williams,de:a0:f5:65:ef:93,10.10.0.120
Lindsay Jefferson,56:78:8e:75:84:77,10.10.0.121
Michael Wallace,d8:4b:d4:56:d2:9b,10.10.0.122
Joseph Barry,db:53:26:f0:8b:a3,10.10.0.123
Ashley Alexander,78:91:c7:7f:0f:8a,10.10.0.124
William Ray,d4:99:a1:51:cb:b3,10.10.0.125
Angela Hudson,67:ff:13:d5:8d:b0,10.10.0.126
Rhonda Martin,46:87:03:df:8e:2f,10.10.0.127
Ashley Thomas,2a:eb:5b:d3:40:ab,10.10.0.128
Randall Davenport,6a:83:5a:11:f8:f8,10.10.0.129
Juan Wilson,c7:2b:93:3c:12:93,10.10.0.130
Scott Davidson,cc:96:b9:a1:0e:8a,10.10.0.131
Morgan Mcdonald,3c:43:bb:83:72:ce,10.10.0.132
Hailey Rodriguez,f5:84:e7:41:5e:ea,10.10.0.133
Brandon Burch,ce:e3:5c:96:97:13,10.10.0.134
Joel Bishop,f2:93:8b:ab:98:1e,10.10.0.135
Curtis Weaver,5e:4b:75:b0:fc:27,10.10.0.136
Jason Young,07:73:a3:19:9d:d5,10.10.0.137
Denise Stephens,ad:e6:3f:fc:0a:a8,10.10.0.138
Clarence Cruz,f4:55:a2:cf:ad:bc,10.10.0.139
Michael Garcia,af:05:83:c5:8a:ac,10.10.0.140
Adam Conner,51:0a:c8:66:78:b3,10.10.0.141
Amy Fox,0d:a1:cf:48:4b:08,10.10.0.142
Danielle Maldonado,f4:78:72:86:c9:c4,10.10.0.143
Sara Marks,5d:00:d7:a8:4e:ea,10.10.0.144
Chad Wilson,8f:ac:25:2c:f1:e1,10.10.0.145
Alejandro Hogan,e9:4f:ce:7d:a1:7b,10.10.0.146
James Johnson,27:a1:88:59:70:a5,10.10.0.147
Jennifer Phillips,06:b6:2e:c6:d7:15,10.10.0.148
Christopher Schultz,04:7b:fa:32:f0:dc,10.10.0.149
Tanya Hughes,f5:5a:26:e3:5f:7c,10.10.0.150
John Fletcher,77:b7:d2:c9:9d:e7,10.10.0.151
Susan Koch,4b:6c:60:fb:8c:43,10.10.0.152
Morgan Duarte,ca:bc:7b:d6:fc:60,10.10.0.153
Ana Tucker,a7:4e:df:5a:bf:25,10.10.0.154
Jacob Tapia,bb:9e:09:a2:0b:33,10.10.0.155
Stephanie Gonzalez,a0:d6:1a:75:00:22,10.10.0.156
James Lucas,11:e2:1d:f7:37:5d,10.10.0.157
Stephanie Carlson,8c:cf:27:68:b0:23,10.10.0.158
Brendan Benjamin,30:33:89:c3:d9:1b,10.10.0.159
Derrick Harris,92:ba:b9:46:35:b2,10.10.0.160
Robert Waters,a3:84:af:72:55:47,10.10.0.161
Anthony Ryan,f4:47:2d:93:d3:d3,10.10.0.162
Sheila Miller,32:e5:0e:2e:58:b9,10.10.0.163
Melissa Nguyen,e5:42:bb:8a:0e:4a,10.10.0.164
Joanne Ramirez,8c:1b:67:20:96:e5,10.10.0.165
Corey Franklin,99:91:83:3b:c8:42,10.10.0.166
Craig Smith,ce:fd:d0:09:c4:77,10.10.0.167
Sherry Sanders,58:fd:ef:a7:26:02,10.10.0.168
Damon Smith,b8:fb:fa:60:57:bb,10.10.0.169
Martin Bennett,1f:87:35:e7:23:c0,10.10.0.170
Derrick Burton,46:09:e2:a9:11:e8,10.10.0.171
Justin Allen,6f:4b:41:59:2a:19,10.10.0.172
Laura Mcdonald,b0:fa:cc:9e:5e:7e,10.10.0.173
Samantha Mendez,cd:20:ad:1e:f6:37,10.10.0.174
Alexandra Clark,d6:e4:7f:39:e3:02,10.10.0.175
William Roberts,2e:fb:d0:0d:e4:29,10.10.0.176
Nathan Day,68:51:fa:df:49:d2,10.10.0.177
Spencer Calhoun,e0:8d:6a:8c:cb:96,10.10.0.178
Michelle Gordon,5e:e0:57:40:ba:65,10.10.0.179
Sarah Johnston,05:5b:02:66:d5:3c,10.10.0.180
Cassandra Johnson,a0:86:ca:fd:fa:2d,10.10.0.181
Alicia Hughes,71:4f:4c:22:5f:dd,10.10.0.182
Dr. Colleen Santiago,64:b6:08:2f:03:5c,10.10.0.183
Nicholas Farrell,bf:1b:72:68:c9:f8,10.10.0.184
Richard Duncan,de:ac:bb:08:ca:2f,10.10.0.185
Christopher Rich,96:fb:a0:74:7d:08,10.10.0.186
Gary Lowe,29:7a:1a:8a:d4:fe,10.10.0.187
Robert Cruz,7e:ca:7b:24:b3:14,10.10.0.188
Anne Jenkins,35:ed:bb:93:93:99,10.10.0.189
Melissa Andrade,30:4f:d6:3f:d1:9b,10.10.0.190
Robert Hoffman,85:71:ee:8f:4b:14,10.10.0.191
James Robbins,34:49:17:80:42:44,10.10.0.192
Kimberly Stevenson,29:0e:72:c2:9f:c2,10.10.0.193
Mr. Charles Mooney,1d:2d:ae:d6:a2:a6,10.10.0.194
Katherine Ray,d7:29:fb:d3:cc:e1,10.10.0.195
Mary Le,37:e9:3c:c6:5b:b4,10.10.0.196
Jennifer Garrett,42:d6:8a:bd:a7:9d,10.10.0.197
Angela Keith,02:b9:00:56:2c:cc,10.10.0.198
Laura Gomez,88:c1:50:68:b5:72,10.10.0.199
Cheryl Kennedy,5e:07:9a:f2:41:60,10.10.0.200
Rebecca Sanchez,ca:f2:be:69:15:36,10.10.0.201
Stephanie Gonzalez,4c:5c:0e:0f:d4:77,10.10.0.202
Alexa Wilkins,b6:02:5a:1f:b6:e5,10.10.0.203
Sarah Cox,c2:4f:b2:3d:1e:5a,10.10.0.204
Michelle Riley,73:a6:30:60:dd:b9,10.10.0.205
Jennifer Allen,b7:12:de:57:89:13,10.10.0.206
Drew Mccarty,56:53:84:b1:a1:e1,10.10.0.207
Lisa Wang,20:70:7f:49:e2:5a,10.10.0.208
Dominic Foster,a5:bf:65:ab:52:f4,10.10.0.209
Angela Castillo,ec:41:18:49:0f:96,10.10.0.210
Debra Patrick,aa:c4:35:ca:44:e4,10.10.0.211
Mariah Bradley,8f:07:7b:ee:2a:9f,10.10.0.212
Darlene Mathis,f8:40:49:41:d7:27,10.10.0.213
Christian Mcfarland,18:7f:81:38:5e:f4,10.10.0.214
Krista Harris,38:74:40:40:d0:a0,10.10.0.215
Stephanie Doyle,d8:d0:0d:1e:3d:83,10.10.0.216
Robin Schultz,b7:43:b8:70:d7:47,10.10.0.217
Christine Burns,10:4d:49:6c:80:87,10.10.0.218
Linda Bradley,9a:ba:df:c4:79:55,10.10.0.219
Kenneth Bradley,75:58:06:06:8b:61,10.10.0.220
Erika Parrish,a9:59:af:21:d2:0b,10.10.0.221
Nicolas Richardson,d5:18:25:7a:44:e1,10.10.0.222
Anne Reynolds,32:99:ee:ae:aa:ad,10.10.0.223
Jason Burton,62:2c:a2:53:24:a0,10.10.0.224
Christopher Frye,47:db:99:3c:67:65,10.10.0.225
Jessica Brown,52:e6:6b:42:5d:c9,10.10.0.226
Kenneth Brown,01:f1:d9:83:99:97,10.10.0.227
Aimee Bates,f8:21:fa:70:1e:f3,10.10.0.228
Cassandra Wood DDS,67:c6:10:61:9e:f0,10.10.0.229
Shannon Bass,fe:61:a8:97:85:b7,10.10.0.230
Brooke Sanchez,39:94:0a:23:de:80,10.10.0.231
Jill Mendoza,53:d3:c2:af:44:cf,10.10.0.232
Theresa Ingram,50:4f:32:f4:96:97,10.10.0.233
Gregory Foley,95:b7:08:cc:a4:bf,10.10.0.234
Shannon Ryan,32:50:f6:33:0f:da,10.10.0.235
Jesse Oneill,d8:cc:12:5e:b2:20,10.10.0.236
Bethany Barr,23:24:fb:dc:3e:de,10.10.0.237
Marie Young,4d:91:97:76:a9:bc,10.10.0.238
Eric Thompson,fc:ca:19:c5:34:c5,10.10.0.239
Ryan Thomas,5a:65:4d:12:18:91,10.10.0.240
Cody Douglas,6d:4a:48:f2:a4:e0,10.10.0.241
Daniel Ortiz,ea:54:43:34:de:8b,10.10.0.242
Kyle Brown,3a:df:5f:97:76:0a,10.10.0.243
Bradley Murphy,34:82:1c:af:fe:36,10.10.0.244
Jasmine Wilson,d7:42:fb:79:cc:49,10.10.0.245
Brittany Porter,9c:a8:c2:0b:29:bc,10.10.0.246
Brooke Arellano,ae:0b:ad:37:fb:3d,10.10.0.247
Bianca Chapman,51:59:63:25:55:ac,10.10.0.248
Jennifer Hawkins,fe:33:29:00:90:a7,10.10.0.249
Dennis Rogers,0a:79:bc:c2:49:d3,10.10.0.250
Darrell King,f5:37:d4:52:b7:a6,10.10.0.251
Christopher Gallagher,7a:c7:66:17:a3:87,10.10.0.252
John Brown,e8:f8:cd:67:eb:74,10.10.0.253
Patricia Robertson,77:d7:81:67:80:a6,10.10.0.254
Alexander Diaz,60:5b:af:fc:c0:05,10.10.1.0
Joseph Munoz,81:f6:ad:27:8c:b1,10.10.1.1
Pamela Carter,d2:d3:33:4f:4d:11,10.10.1.2
Edward Torres,3d:9e:fd:2d:b1:3d,10.10.1.3
Jeffrey Stokes,ad:3c:a8:86:ed:20,10.10.1.4
Andrew Bryant,3a:40:3d:0b:92:41,10.10.1.5
Steve Smith,f1:bb:e1:89:8e:45,10.10.1.6
Jason Robinson,f9:cb:e3:f4:18:5c,10.10.1.7
Damon Baxter,01:c4:aa:4e:df:07,10.10.1.8
Christopher Davis,17:90:84:33:76:c8,10.10.1.9
Megan Nelson,c8:ca:1a:27:6d:4c,10.10.1.10
Kimberly Cohen,ae:e9:b4:60:45:1d,10.10.1.11
Rebekah Hamilton,7e:ad:ff:f9:ea:38,10.10.1.12
Tina Butler,0f:34:1a:15:8a:4f,10.10.1.13
Evan Pham,bb:96:61:53:ca:38,10.10.1.14
Crystal Fisher,e2:70:10:9d:fd:ad,10.10.1.15
Manuel Hernandez,19:97:41:de:1b:0a,10.10.1.16
Timothy Cooke,b6:cc:79:44:e8:3e,10.10.1.17
Heidi Orr,b0:0f:7b:14:e5:6d,10.10.1.18
Alexis Christian II,0a:87:90:1a:d1:51,10.10.1.19
Megan Rivera,9d:bc:79:bf:f6:73,10.10.1.20
Richard Giles,3b:f4:9e:30:11:c8,10.10.1.21
Jason Sanchez,6e:69:94:11:6b:26,10.10.1.22
Jessica Freeman,9f:36:b7:ef:a9:f7,10.10.1.23
Lynn Green,4c:5f:72:ac:f0:93,10.10.1.24
Karen Taylor,5e:39:dc:ff:9d:82,10.10.1.25
Jared Moore,40:42:42:54:29:63,10.10.1.26
Christopher Harris,df:80:30:b1:d2:04,10.10.1.27
Rodney Flores,46:7b:d2:1f:14:26,10.10.1.28
Brian Garcia,a1:4c:ce:86:9d:37,10.10.1.29
Anna Martin,2a:2b:9f:e1:73:4c,10.10.1.30
William Smith,19:2c:8b:22:c9:78,10.10.1.31
Caleb Harrison,44:47:4d:c8:d9:55,10.10.1.32
Patricia Mccoy,af:07:b4:cc:ab:5a,10.10.1.33
Jennifer Young,43:ae:99:05:48:3c,10.10.1.34
Matthew George,01:d3:17:c2:7b:65,10.10.1.35
Susan Fischer,b1:68:e0:ec:ad:d0,10.10.1.36
Kevin Thompson,c2:0e:ba:5a:4a:3b,10.10.1.37
Kevin Houston,26:5a:95:09:ff:ef,10.10.1.38
Danielle Richardson,b5:2b:67:ce:a1:07,10.10.1.39
Jesse Hudson,09:ad:4d:96:71:93,10.10.1.40
Charles Day,eb:18:e1:68:ac:88,10.10.1.41
Lisa Brown,49:ca:54:5b:bf:04,10.10.1.42
Laurie King,b9:45:f1:3a:4f:ea,10.10.1.43
Jessica Ortiz,94:19:9d:de:6c:00,10.10.1.44
Lisa Martinez,e1:36:fd:bd:78:33,10.10.1.45
Robert Pope,42:31:51:03:27:81,10.10.1.46
Jason Thomas,d9:cf:a7:51:a8:a0,10.10.1.47
Veronica Hoffman,8a:c6:2c:4a:37:c9,10.10.1.48
Jessica Glenn,bc:b4:41:51:c1:c8,10.10.1.49
Christina Stanley,ec:b7:80:db:16:ec,10.10.1.50
Jacqueline Pittman,ff:58:92:da:7b:71,10.10.1.51
Karen Smith,69:ef:18:b8:cf:a7,10.10.1.52
Joshua Ward,99:48:cc:f4:ee:e9,10.10.1.53
Jodi Warner,ed:02:f0:1e:a2:98,10.10.1.54
Edward Jones,94:87:68:79:3d:6e,10.10.1.55
Marcus Fischer,eb:86:f6:20:15:a1,10.10.1.56
Brian Johnson,5a:23:55:95:d9:1b,10.10.1.57
Melissa Nolan,85:cd:c5:b2:0b:e9,10.10.1.58
Jeremy Howard,aa:2e:21:23:6b:0d,10.10.1.59
Linda Daniels,e3:4c:cd:7d:b1:6c,10.10.1.60
Christina Thomas,f8:cb:93:8a:29:b3,10.10.1.61
Terri Hernandez,45:ed:e7:0d:6c:f8,10.10.1.62
Tiffany Higgins,08:6a:ff:78:13:a0,10.10.1.63
John Rodriguez,bb:5a:be:81:b4:a3,10.10.1.64
Peter Bell,82:3c:90:8a:47:f2,10.10.1.65
Peter Williams,55:15:eb:b4:5d:2d,10.10.1.66
Mercedes Davis,12:63:35:be:d4:32,10.10.1.67
Fernando Travis,4d:71:d5:4b:90:95,10.10.1.68
Tonya Robinson,7c:6c:8f:7b:b8:0b,10.10.1.69
Nathan Miranda,06:70:37:2a:14:d5,10.10.1.70
Linda Bernard,44:f4:64:77:c9:e8,10.10.1.71
Anna Wilson,e5:f0:7e:7f:39:7f,10.10.1.72
David Phillips,ba:93:77:57:19:ee,10.10.1.73
Dr. Kathleen Rodriguez,aa:e2:c2:32:2a:42,10.10.1.74
Melanie Ward,be:a1:53:26:74:22,10.10.1.75
Martin Stephenson,4e:ec:a0:c6:7f:8c,10.10.1.76
Connie Charles,93:80:db:cb:c2:73,10.10.1.77
Larry Rice,cb:00:35:35:90:ce,10.10.1.78
Logan Wells,d0:e4:1b:2e:25:be,10.10.1.79
Emily Sanders,8a:e5:4a:4c:7c:86,10.10.1.80
Jeremiah Todd,ac:05:e1:26:16:35,10.10.1.81
Pamela Brown,43:88:9c:e0:c1:f7,10.10.1.82
Franklin Williamson,39:64:c4:84:2c:0d,10.10.1.83
Deborah Scott,83:bc:85:72:49:d7,10.10.1.84
Sandra Herrera,03:f1:6a:af:f2:f5,10.10.1.85
Rhonda Navarro,fb:69:fd:50:02:88,10.10.1.86
Timothy Vaughn,d2:bf:89:35:1f:55,10.10.1.87
Kevin Sandoval,4c:c5:e2:46:4a:eb,10.10.1.88
Brett Wells,ac:e1:12:ac:93:bc,10.10.1.89
Michael Johnson,0a:9d:ad:1f:66:b5,10.10.1.90
Matthew Schmitt,a0:7b:ef:d3:99:eb,10.10.1.91
Joshua Romero,19:b1:01:15:db:31,10.10.1.92
Mark Mason,bb:5e:87:7a:e5:9c,10.10.1.93
David Kelley,56:50:7d:62:0e:39,10.10.1.94
Tommy Jackson,c8:24:07:ca:88:47,10.10.1.95
Adrian Reeves,25:ad:26:65:fd:7f,10.10.1.96
Kaitlyn Potts,04:18:75:cf:1f:e9,10.10.1.97
Valerie Leach,03:a3:3c:03:90:f9,10.10.1.98
Edward Cross,2c:f6:bc:30:70:6f,10.10.1.99
Alicia Lambert,92:51:3e:ec:c0:d2,10.10.1.100
Michael Forbes,58:7a:5f:e4:5d:73,10.10.1.101
Joel Smith,f0:02:e2:ff:1c:d5,10.10.1.102
John Rogers,a7:ff:e5:ee:52:cc,10.10.1.103
Ryan Singleton,69:1d:d0:97:a5:e3,10.10.1.104
Jonathon Miller,d1:63:5c:0b:68:b0,10.10.1.105
John Martinez,be:c8:69:8e:52:7e,10.10.1.106
Dillon Jones,fe:25:c6:aa:f8:a6,10.10.1.107
Lauren Thompson,b9:72:46:60:82:d5,10.10.1.108
Todd Baker,6e:88:ff:9f:ba:e3,10.10.1.109
Kenneth Warren,fb:37:76:2b:a6:cf,10.10.1.110
Benjamin Bonilla,d7:d6:5e:4a:6a:84,10.10.1.111
Blake Hahn,7f:71:73:e0:5e:36,10.10.1.112
Charles Valdez,19:68:63:4e:cb:11,10.10.1.113
Rebecca Murphy,56:17:f8:b9:35:d0,10.10.1.114
Kyle Watts,08:9e:44:e5:90:81,10.10.1.115
Richard Kelley,cf:b1:19:d4:01:22,10.10.1.116
Amy Harrell,db:29:a4:39:28:69,10.10.1.117
Scott Watson,34:dd:78:28:31:26,10.10.1.118
Katie Williams,60:57:59:8c:74:dc,10.10.1.119
Jesse Lopez,15:d0:46:fb:90:c7,10.10.1.120
Paul Clark,b0:99:a5:21:df:4e,10.10.1.121
Laura Hebert,dd:3c:ed:04:a9:78,10.10.1.122
Alexander Collier,c7:2c:45:26:9a:5d,10.10.1.123
Jerry Mendoza,42:db:a0:5e:ae:38,10.10.1.124
Daniel Harper,5a:36:65:bf:23:ae,10.10.1.125
Anthony Medina MD,1c:8c:21:b1:53:a1,10.10.1.126
Roger Rodriguez,25:21:b7:5d:e6:31,10.10.1.127
Dennis Weaver,f5:a8:26:7b:12:3c,10.10.1.128
Katie Jackson,5f:be:fb:f6:50:ea,10.10.1.129
Micheal Martin,93:22:27:df:e8:a6,10.10.1.130
Amanda Smith,e4:df:e4:81:1f:6c,10.10.1.131
Chelsey Lozano DVM,ab:e8:0f:52:49:ad,10.10.1.132
Michael Fisher,ca:a5:be:64:bc:8b,10.10.1.133
Erin Clark,fa:db:b7:3e:91:f3,10.10.1.134
Lisa Young,ef:a6:cc:b8:22:2a,10.10.1.135
Teresa Welch,0d:d3:f5:dd:22:b4,10.10.1.136
Brittany Martinez,4f:8c:f3:1a:2e:97,10.10.1.137
Christopher Summers,28:d2:b9:f3:70:0c,10.10.1.138
Travis Howard,37:3c:8c:39:9a:e7,10.10.1.139
Lisa Russell,22:9a:c1:0a:14:50,10.10.1.140
Jonathon Garcia,f9:2d:41:4c:d8:89,10.10.1.141
David Matthews,79:f7:08:21:e0:0b,10.10.1.142
Danielle Krause,15:98:1c:fc:1c:84,10.10.1.143
Evelyn Castro,a3:8b:79:cb:71:19,10.10.1.144
Stacie Chandler,40:ce:68:b4:88:65,10.10.1.145
Jane Flores,42:b9:12:63:35:47,10.10.1.146
Joshua Diaz,1f:e6:ca:96:b4:9d,10.10.1.147
Ronnie Downs,93:69:c9:d9:c9:b0,10.10.1.148
Amber Finley,7e:bd:c4:07:97:95,10.10.1.149
Amy Davenport,ab:af:fc:17:90:31,10.10.1.150
Alejandra White,da:2a:00:3c:68:b3,10.10.1.151
Seth Phillips,68:c6:4a:9c:3d:25,10.10.1.152
Lindsey Griffin,cc:b9:73:fb:7f:c1,10.10.1.153
Sergio King,3b:76:70:d6:2a:60,10.10.1.154
Justin Hamilton,1d:61:73:0c:18:a7,10.10.1.155
Thomas Pena,24:66:1a:e7:95:ac,10.10.1.156
Michelle Lopez,6d:21:5e:74:3c:c0,10.10.1.157
Lindsey Butler,21:ac:9c:5b:20:a8,10.10.1.158
Thomas Harrell,38:06:63:cf:47:9d,10.10.1.159
Alexander Jackson,0e:85:4d:d4:d2:33,10.10.1.160
Benjamin Banks,40:75:cc:10:41:60,10.10.1.161
Kristopher Curtis,cb:78:80:c0:f1:8b,10.10.1.162
Tamara Weeks,f6:c9:96:d1:3e:a4,10.10.1.163
Tristan Anderson,a5:47:86:af:43:f1,10.10.1.164
Julie Vazquez,59:81:ee:f8:56:d1,10.10.1.165
Helen Miller,9d:f1:06:2f:ce:75,10.10.1.166
Nathan Rush,13:b1:62:47:e1:20,10.10.1.167
Gina Kim,bb:47:3b:c4:b7:0a,10.10.1.168
Christopher Simpson,89:32:aa:eb:42:9d,10.10.1.169
Bradley Young,61:21:79:2f:a9:f9,10.10.1.170
Brenda Conrad,d8:56:75:22:2c:92,10.10.1.171
Erik Tran,13:ae:90:a0:11:32,10.10.1.172
Christine Spencer,75:cf:4b:bf:cd:33,10.10.1.173
Kimberly Williams,ac:7b:90:96:79:a6,10.10.1.174
Caitlin Li,2a:bc:d1:53:16:41,10.10.1.175
Jill Jones,7a:19:36:ed:97:5f,10.10.1.176
Christopher Bell,96:59:61:57:47:8b,10.10.1.177
Danielle Vincent,c6:b3:6d:95:c0:5c,10.10.1.178
David Alvarez,80:af:9d:9d:54:57,10.10.1.179
Robin Burnett,c0:b5:13:92:29:4e,10.10.1.180
Joseph Wood,36:43:51:a5:ef:a3,10.10.1.181
Amy Diaz,0f:6a:ae:97:03:57,10.10.1.182
Megan Massey,2f:6a:20:ed:6b:b3,10.10.1.183
Samuel Garcia,4f:f6:48:21:49:d6,10.10.1.184
Samantha Watson,24:65:80:a0:ea:ef,10.10.1.185
Albert Mckee,bb:57:0d:e0:87:2b,10.10.1.186
Stephanie Ward,33:52:42:08:32:cb,10.10.1.187
Johnny Johnson,6e:d8:a8:10:fb:d5,10.10.1.188
George Johnson,98:4e:68:be:f7:92,10.10.1.189
Richard Anderson,b7:72:58:f0:6e:1f,10.10.1.190
Meagan Neal,6a:f7:9b:f5:67:95,10.10.1.191
Sarah Sullivan,94:f8:da:81:00:ac,10.10.1.192
Monica Hines,c9:a7:15:57:cc:c5,10.10.1.193
Michael Cortez,24:b5:c4:fb:51:9b,10.10.1.194
Aaron Roman,e2:10:60:fe:54:d1,10.10.1.195
Kevin Baldwin,85:9a:76:4b:d9:7d,10.10.1.196
Stephanie Gonzales,ae:04:a7:e5:de:ae,10.10.1.197
Jesse Ball,09:9b:bc:9a:9a:1e,10.10.1.198
Tammy Berry,1a:2b:98:06:23:0d,10.10.1.199
Christine Peterson,1c:3c:16:ea:63:1d,10.10.1.200
William Romero,da:b0:ee:11:ba:bd,10.10.1.201
Jennifer Bailey,71:22:49:5f:f3:da,10.10.1.202
Alexis Blake,56:0b:88:6e:fe:57,10.10.1.203
Charles Mccormick,29:61:0a:68:30:bf,10.10.1.204
Sandy Clark,58:d1:db:e0:e6:94,10.10.1.205
Scott Moreno,7a:da:ee:81:03:77,10.10.1.206
Jason Smith,0e:09:b6:7a:79:d1,10.10.1.207
Tim Wells,a5:c6:a5:62:76:88,10.10.1.208
Andre Fernandez,47:7b:1c:2d:38:61,10.10.1.209
Michael Williams,cc:7d:b8:7f:5c:8d,10.10.1.210
Caleb Moore,0e:7b:5a:94:1a:9e,10.10.1.211
Kyle Davis,36:92:e4:ae:93:26,10.10.1.212
Lisa Reyes,ae:21:a0:26:8e:09,10.10.1.213
Timothy Alexander,d9:f7:cf:9c:96:c3,10.10.1.214
Andrew Taylor,41:51:ce:2f:de:18,10.10.1.215
Sylvia Andrade,75:7b:4b:66:fb:71,10.10.1.216
Melinda Espinoza,0a:eb:43:36:e1:10,10.10.1.217
Felicia Michael,3a:ff:91:7a:de:a9,10.10.1.218
Sherry Graves,0f:4d:03:97:b8:bc,10.10.1.219
Kaitlyn Smith,7b:3c:e3:75:07:b0,10.10.1.220
Zachary Jennings,a6:fc:87:fb:57:d4,10.10.1.221
Tom Glover,98:44:02:89:12:2d,10.10.1.222
Clinton Daniels,4f:0e:49:ce:46:3e,10.10.1.223
Miguel Moore,19:b1:0d:59:ef:a6,10.10.1.224
Kathleen Mcintyre,bb:1c:88:1b:b0:52,10.10.1.225
Linda Smith,7c:e6:b6:10:f4:99,10.10.1.226
Michael Perez,38:47:16:64:ea:40,10.10.1.227
Kevin Moore,49:cc:a8:ff:74:e9,10.10.1.228
Jamie Bennett,bb:74:92:97:b9:46,10.10.1.229
Audrey Chan,23:37:fb:af:25:a1,10.10.1.230
Ashley Oliver,0b:ef:50:ef:0b:6e,10.10.1.231
Patricia Clayton,13:ea:5f:77:f5:89,10.10.1.232
Megan Nelson,04:4b:7f:4c:32:39,10.10.1.233
Joseph Foster,b7:dc:43:d5:49:ae,10.10.1.234
Scott Roberts,b1:7b:de:33:d6:2c,10.10.1.235
Andrew Tanner,e9:74:af:79:82:8b,10.10.1.236
Heather Miller,aa:48:78:56:1a:e3,10.10.1.237
Tammy May,61:02:00:9c:2d:ef,10.10.1.238
Robert Horne,49:4a:24:b9:4c:f6,10.10.1.239
Meredith Sherman,5d:cf:44:0d:00:a0,10.10.1.240
Linda Atkinson,7f:b8:da:a8:81:9e,10.10.1.241
Antonio Henry,84:9b:20:ed:90:f7,10.10.1.242
Steven Waters MD,27:64:cc:eb:27:2c,10.10.1.243
Darrell Smith,f7:78:55:8b:06:e1,10.10.1.244
Jennifer Cruz,ee:86:07:8d:96:ae,10.10.1.245
Brandon Key,e7:83:50:e4:c8:2b,10.10.1.246
David Benton,a9:fa:10:3e:52:69,10.10.1.247
Lynn Nicholson,86:06:74:51:5a:65,10.10.1.248
Daniel Potter,34:b8:96:80:2f:4f,10.10.1.249
Ryan Soto,b9:5a:c4:ea:75:2c,10.10.1.250
Emily Compton,62:01:65:b5:9a:97,10.10.1.251
Jennifer Smith,75:20:94:af:ff:5c,10.10.1.252
Mr. Cody Austin,5f:d6:07:ca:30:7a,10.10.1.253
Joseph Wright,e9:fc:18:ce:39:93,10.10.1.254
Todd Price,0f:6c:43:be:77:2a,10.10.2.0
Ryan Garrison,7e:c8:5f:dd:04:27,10.10.2.1
Christopher Moreno,04:13:7a:31:fa:be,10.10.2.2
Mr. Larry Sims,43:cc:cd:e5:27:0c,10.10.2.3
Jillian Williams,25:43:0d:d8:1f:9d,10.10.2.4
Cody Rojas,f1:41:d4:a5:f5:64,10.10.2.5
Deborah Burton,d1:36:c8:41:07:7c,10.10.2.6
Jonathan Matthews,4f:81:8e:8e:ec:8c,10.10.2.7
Ryan Mcdaniel,2d:4a:0d:4f:a4:be,10.10.2.8
Amy Huffman,84:fa:04:cb:ef:8a,10.10.2.9
Christopher Johnson,85:45:ba:ad:fc:21,10.10.2.10
James Green,93:03:e6:81:cb:b9,10.10.2.11
Cynthia Hall,d6:70:3c:eb:82:6c,10.10.2.12
Stephanie Hale,d1:a4:b2:fc:ac:b4,10.10.2.13
Taylor Cummings,42:ef:57:45:67:7f,10.10.2.14
Danielle Santos,c5:87:fe:58:05:09,10.10.2.15
Danielle Guerra,8f:cd:42:08:ee:32,10.10.2.16
Richard Gardner,61:83:84:84:37:c2,10.10.2.17
Sheri Hansen,0a:27:4f:c5:c3:6b,10.10.2.18
Richard Massey,2f:59:0e:d6:73:c2,10.10.2.19
Roberta Cross,0a:b3:70:18:f9:88,10.10.2.20
Steven Palmer,60:eb:21:a6:67:62,10.10.2.21
Sarah Farley,3c:91:4a:09:2c:8e,10.10.2.22
Javier Shaw,f4:6c:f3:24:f7:c0,10.10.2.23
James Guerrero,84:1e:cc:39:5c:32,10.10.2.24
Janet Adams,b2:64:34:00:ec:46,10.10.2.25
Joshua Harrell,b0:64:18:a4:33:a5,10.10.2.26
Johnathan Baker,7e:03:15:e2:7b:76,10.10.2.27
Paige Herman,eb:d9:8b:d6:3b:57,10.10.2.28
Melinda Barnes,9c:ea:db:5d:58:75,10.10.2.29
Joshua Brown,5d:27:96:06:22:29,10.10.2.30
Michael Kidd,5f:30:44:9f:56:55,10.10.2.31
Mr. Jerry Hunter,5c:5e:89:48:ef:79,10.10.2.32
Mary Davis,50:6b:c1:a4:b2:b7,10.10.2.33
Ryan Joseph,32:b3:26:99:54:02,10.10.2.34
Charlene Chavez,a2:f4:41:bd:f9:bc,10.10.2.35
Lacey Hines,83:b1:58:7e:ba:ff,10.10.2.36
Cole Gibson,97:f7:d0:8a:bf:30,10.10.2.37
Karen Rodriguez,c5:f8:0e:ca:17:5a,10.10.2.38
Linda Cortez,89:20:43:b9:83:66,10.10.2.39
Timothy Stevens MD,00:dc:69:c7:72:fc,10.10.2.40
Mackenzie Miller,ff:f9:3d:66:ce:d5,10.10.2.41
Brittany Shepard,b4:d1:24:dd:5d:4d,10.10.2.42
Sandra Figueroa,28:ed:73:e7:b7:06,10.10.2.43
Heather Johnson,37:ec:e0:88:d6:58,10.10.2.44
Whitney Russell,5b:1e:ee:98:f9:51,10.10.2.45
Mike Jenkins,8b:3a:77:ca:d1:c5,10.10.2.46
Larry Burns,8f:81:20:f3:c0:85,10.10.2.47
David Gutierrez,46:7d:8a:b2:62:7f,10.10.2.48
Dustin Price,eb:00:5a:f2:70:7a,10.10.2.49
Jeff Watkins,ae:b9:f3:d8:b6:a7,10.10.2.50
Alex Taylor,f9:b1:f2:0b:f0:ab,10.10.2.51
Heather Lewis,0a:58:8a:9a:e5:cd,10.10.2.52
Paula Moyer,36:74:a7:eb:f6:3b,10.10.2.53
Bobby Ho,b0:dd:c4:08:72:e2,10.10.2.54
Tiffany Reed,37:50:9f:44:45:2c,10.10.2.55
Brittany Fritz,0b:92:67:78:f9:a6,10.10.2.56
Christopher Hunt,a5:8a:f0:2b:6b:0c,10.10.2.57
Megan Burton,2a:df:9b:bb:67:c5,10.10.2.58
Brooke Aguirre,12:de:c5:33:97:b4,10.10.2.59
Rachel Fox,e7:c3:62:32:83:77,10.10.2.60
Daniel Graves,b1:d8:ac:02:72:38,10.10.2.61
Michael Shannon,05:50:bf:f1:91:d8,10.10.2.62
Dr. Justin Watson,ea:13:2c:cf:c3:60,10.10.2.63
Brian Barron,30:6e:c4:97:62:cc,10.10.2.64
Andrea White,fb:4e:60:3d:17:84,10.10.2.65
Gary Hartman,67:25:6e:68:c5:56,10.10.2.66
Shirley Smith MD,62:e0:8e:32:4e:f2,10.10.2.67
Steven Dominguez,68:7c:89:c5:b7:80,10.10.2.68
Richard Shea,c7:90:87:7f:2f:5c,10.10.2.69
Cynthia Mills,7e:e1:7b:f2:c5:fa,10.10.2.70
Sherry Fox,70:bd:52:e1:8b:11,10.10.2.71
Karen Smith,23:33:31:39:db:7a,10.10.2.72
Gabriel Hurley,3f:42:c3:94:af:b1,10.10.2.73
Christopher Perkins DVM,e5:9c:7f:71:85:1e,10.10.2.74
David Oconnor,d5:61:ed:e4:15:31,10.10.2.75
Amanda Roberts,d2:f4:4e:14:b6:19,10.10.2.76
Fred Rivera,cc:de:b2:c7:90:cb,10.10.2.77
Daniel Mendoza,e4:a4:63:29:32:0b,10.10.2.78
Stephanie Lloyd,da:59:a6:c5:b8:b1,10.10.2.79
William Johnson,60:cf:02:2d:2c:20,10.10.2.80
Joseph Butler,b6:6d:8a:47:8e:7b,10.10.2.81
James Valdez,fe:e5:fd:f4:18:08,10.10.2.82
Gregory Charles,8a:71:0b:42:f5:ce,10.10.2.83
Paul Torres,ae:6a:b7:35:02:e2,10.10.2.84
Lisa Chan,bd:4e:10:18:2a:c1,10.10.2.85
Larry Smith,56:07:7d:f6:e3:9d,10.10.2.86
Justin Garcia,fd:d9:c0:d5:c6:e5,10.10.2.87
Mr. Samuel Barron,29:6c:35:a3:4f:17,10.10.2.88
Olivia Thomas,e5:c5:56:d3:bd:0f,10.10.2.89
David Ramirez,0c:80:e4:80:6e:d9,10.10.2.90
Kevin Hart,42:66:3f:67:3e:f3,10.10.2.91
Mark Nixon,65:dc:1c:5c:62:fd,10.10.2.92
Sara Lucas,1b:ea:c6:93:ca:1c,10.10.2.93
Emily Padilla,63:8f:77:96:96:b7,10.10.2.94
Craig Burgess,bf:95:2b:8e:e0:14,10.10.2.95
Jeremiah Bass,23:e9:0b:16:2b:34,10.10.2.96
Gavin Holland,95:d8:60:c9:24:bd,10.10.2.97
Mr. Mike Long,ac:75:fb:3b:b5:1c,10.10.2.98
Gary Lucas,bd:bb:f5:74:da:fa,10.10.2.99
Kari Tran,92:f4:55:c9:e9:9d,10.10.2.100
Brittney Becker,3f:fa:38:95:e4:25,10.10.2.101
Michael Hanna,74:5a:dc:b7:80:02,10.10.2.102
Albert Kirby,5d:5f:ef:52:61:4e,10.10.2.103
Brian Glenn,d1:88:6a:2d:9c:16,10.10.2.104
Travis White,14:cb:58:8b:a3:1d,10.10.2.105
Barbara Thompson,00:5d:3a:07:de:35,10.10.2.106
Eric Gomez,08:a0:2f:ad:95:79,10.10.2.107
Amanda Valdez,6e:0f:8c:bd:95:6e,10.10.2.108
David Williams,84:a0:93:ca:f2:10,10.10.2.109
Vincent Young,ce:fe:40:50:33:0c,10.10.2.110
Jorge Myers,c0:c5:83:dd:a5:ca,10.10.2.111
Kimberly Thomas,a9:24:49:89:3d:87,10.10.2.112
Christian Clark,ac:bf:87:c1:2d:f5,10.10.2.113
Scott Welch,18:13:4f:3e:b8:f8,10.10.2.114
Teresa Cooper,ef:3f:09:47:96:4b,10.10.2.115
Aaron David,54:c7:9e:b5:ef:88,10.10.2.116
Phillip Newman,7f:a3:7c:68:40:7f,10.10.2.117
Jessica Avila,73:ba:b2:bd:b2:d2,10.10.2.118
Dawn Garcia,07:88:b2:60:37:73,10.10.2.119
Jennifer Smith,ab:78:36:04:98:d5,10.10.2.120
Fernando Sanchez,9f:be:bf:6e:ef:ca,10.10.2.121
Charles Smith,09:aa:55:0d:2a:9a,10.10.2.122
Kaitlyn Garcia,97:c1:8f:e3:8f:43,10.10.2.123
Henry Howard,52:73:1b:28:90:a2,10.10.2.124
Ms. Hannah Young,2f:eb:58:b1:b1:a0,10.10.2.125
Alisha Rodriguez,26:14:b1:d2:ab:c9,10.10.2.126
Timothy Jackson,a7:8e:ac:e3:11:e6,10.10.2.127
Heather Hernandez,f7:d2:4b:7c:07:35,10.10.2.128
Pamela Griffin,b3:56:95:40:ce:ee,10.10.2.129
Amy Adams,e9:12:48:7f:77:51,10.10.2.130
Lisa Mitchell,d8:30:8b:83:ba:41,10.10.2.131
Steve Torres,74:48:e0:c3:95:78,10.10.2.132
Alfred Richard,3a:79:56:b8:73:a2,10.10.2.133
Brittney Robertson,0d:2e:fb:e6:53:65,10.10.2.134
Christina Rowe,f7:cc:df:24:88:ce,10.10.2.135
Jacob Stark,a4:57:36:33:10:51,10.10.2.136
Charles Edwards,32:cf:b7:23:14:76,10.10.2.137
Phillip Robinson,c6:1f:b0:48:e3:99,10.10.2.138
Crystal Houston,f8:d3:48:4b:91:89,10.10.2.139
Jean Smith,04:eb:e4:17:91:dc,10.10.2.140
Natalie Jackson,3f:f1:e7:40:3b:de,10.10.2.141
Renee Moses,6c:e4:92:1b:c2:a6,10.10.2.142
Andrew Chapman,a6:fd:19:c0:8e:15,10.10.2.143
John Sanchez,ce:07:7f:9e:79:de,10.10.2.144
Jacqueline Miller,1d:f1:63:cb:ad:9a,10.10.2.145
Kelly Clay,4f:e3:68:8b:7e:08,10.10.2.146
John Smith,72:bd:df:fe:0c:cb,10.10.2.147
Chris Gonzalez,82:08:95:14:68:2d,10.10.2.148
Ellen Butler,25:c1:ae:e0:7e:45,10.10.2.149
Jennifer Nguyen MD,90:11:d3:02:ba:c5,10.10.2.150
Johnny Allen,54:a4:32:39:16:c0,10.10.2.151
Austin Anderson,0b:0c:9a:71:cc:93,10.10.2.152
Daniel Miller,12:ab:fc:c2:54:51,10.10.2.153
Anne Turner,8d:98:00:71:25:65,10.10.2.154
Kathy Davis,d8:5e:0a:f1:a6:6c,10.10.2.155
Jonathan Burnett,27:ee:d5:b7:a6:b7,10.10.2.156
Dillon Gonzales,d2:49:d0:24:dc:01,10.10.2.157
Joseph Martinez,1f:6e:48:05:ca:db,10.10.2.158
Cynthia Hardin,cc:64:6e:70:3b:b1,10.10.2.159
Jason Burton,30:42:45:42:d9:3e,10.10.2.160
Donald Larson,45:47:22:ab:33:0d,10.10.2.161
Laura Foster,92:f5:8f:28:f0:1c,10.10.2.162
Diane Bernard,28:12:74:70:6e:c6,10.10.2.163
Shannon Walker,b4:9f:ce:0c:d3:9e,10.10.2.164
Thomas Evans,17:13:de:84:9b:b7,10.10.2.165
Tyler Lee,ad:4b:01:51:ae:37,10.10.2.166
Kayla Sanders,4b:40:9e:4f:b7:dd,10.10.2.167
Daniel Collins,5f:dc:7f:ba:8a:65,10.10.2.168
Jeremy Gonzalez,1d:ee:31:3b:0b:e8,10.10.2.169
Alexander Rios,41:20:52:32:e1:f1,10.10.2.170
Kiara Dougherty,ce:03:29:09:c6:0a,10.10.2.171
Thomas Stevens,97:a3:dc:d4:50:03,10.10.2.172
Jose Russell,2a:1d:19:87:05:b2,10.10.2.173
Jonathan Figueroa,51:f1:a4:ae:01:45,10.10.2.174
Eric Chen,23:0c:d7:4e:08:16,10.10.2.175
Lindsey Montgomery,a7:11:38:6e:d7:30,10.10.2.176
Kristina Leach,eb:b3:3c:a4:6f:d4,10.10.2.177
Tristan Phelps,fc:50:1c:be:ed:a1,10.10.2.178
Evelyn Taylor,43:fd:02:39:6f:68,10.10.2.179
Ralph Mann,4a:70:70:ae:f0:6e,10.10.2.180
Patricia Scott,23:10:5c:ca:ca:a8,10.10.2.181
Brent George,96:00:8a:70:03:60,10.10.2.182
Linda Howard,a5:32:75:b1:e5:1a,10.10.2.183
Brittney Morgan,d0:e2:2f:aa:24:3a,10.10.2.184
Jason Gomez,5b:46:62:52:9a:d6,10.10.2.185
Lisa Perez,9e:eb:c5:03:cc:ab,10.10.2.186
Ashley Scott,89:e1:a2:ee:fd:f0,10.10.2.187
Jared Hamilton,10:8e:bc:29:5c:e6,10.10.2.188
Paul Hickman,81:5c:b1:27:c6:be,10.10.2.189
Tiffany York,d2:3a:48:b8:e6:d9,10.10.2.190
Jamie Henry,07:f1:9b:c7:bd:89,10.10.2.191
Dawn Walton,a2:75:34:28:9c:65,10.10.2.192
Cassandra Berger,30:3d:ac:e0:34:ae,10.10.2.193
Mary Cardenas,4c:a0:98:2b:98:2f,10.10.2.194
Isabella Becker,56:6a:64:7a:d3:0d,10.10.2.195
Austin Mitchell,fc:47:14:3c:28:63,10.10.2.196
Aaron Lewis,43:30:c6:09:22:6e,10.10.2.197
Timothy Smith,fd:af:e2:ea:0b:f0,10.10.2.198
Susan Williams,84:ba:33:48:d3:51,10.10.2.199
Nicholas Mann,f2:98:43:63:18:5b,10.10.2.200
Christopher Russell,2d:ce:d9:49:7a:35,10.10.2.201
Mr. Jeff Martin,6b:a3:2d:94:da:51,10.10.2.202
Sara Campbell,e3:34:44:e8:d6:a5,10.10.2.203
Mr. Michael Martin MD,33:e8:88:d8:5d:d1,10.10.2.204
Theresa Fox,b9:45:8b:df:fd:f6,10.10.2.205
Joshua Carter,79:67:19:06:3a:f0,10.10.2.206
Candice Buckley,b3:cc:ff:65:47:29,10.10.2.207
Bryan Willis,46:fb:13:cc:7c:88,10.10.2.208
Andre Gilbert,ec:6f:3e:69:34:81,10.10.2.209
Michael Stokes,65:9f:11:83:f1:2a,10.10.2.210
Johnathan Mccarthy PhD,53:6b:16:53:3f:e4,10.10.2.211
Austin Santos,9a:48:ec:ff:66:89,10.10.2.212
April Berg,95:13:19:27:ab:c6,10.10.2.213
Kelly Jackson,0f:71:3b:b3:6c:40,10.10.2.214
Stephanie Snyder,22:fa:b9:70:60:0d,10.10.2.215
Justin Berg,e4:17:03:fd:71:08,10.10.2.216
Joshua Butler,eb:c4:ba:41:a2:8b,10.10.2.217
Joseph Jimenez,0b:66:36:f1:da:70,10.10.2.218
Brent Baldwin,2a:55:d7:51:b9:ef,10.10.2.219
Danielle Berger,5f:55:15:03:7b:c9,10.10.2.220
Paul Castro,24:6c:b0:20:a3:b3,10.10.2.221
Jessica Buchanan,e4:73:f5:0c:23:f0,10.10.2.222
Amanda Johnson,e0:d7:ac:e1:19:0b,10.10.2.223
Jamie Galvan,91:0a:f6:21:7f:5e,10.10.2.224
Lindsey Williams,55:98:ca:fe:4c:1c,10.10.2.225
Taylor Carpenter,5b:d4:54:4a:c4:ed,10.10.2.226
Nicholas Johnson,43:7a:da:32:2c:5d,10.10.2.227
Stacy Torres,41:1c:64:13:e2:53,10.10.2.228
Daniel Wright,2d:2a:f8:fd:03:02,10.10.2.229
Nicole Griffin,29:28:a6:1a:4b:9a,10.10.2.230
Ryan Harper,c0:52:a2:4b:31:6a,10.10.2.231
Marc Johnson,de:2a:8b:0f:b3:eb,10.10.2.232
Matthew Williams,49:54:fb:f1:ef:53,10.10.2.233
William Matthews,3b:a3:ba:c4:33:9a,10.10.2.234
Nicholas Oconnor,bb:02:fc:53:7f:dc,10.10.2.235
Jamie White,c0:83:ec:10:a1:7c,10.10.2.236
Molly Davis,fa:76:54:30:84:f3,10.10.2.237
Stacey Boyd,3a:29:2c:21:8b:d2,10.10.2.238
Stephen Richardson,3d:6b:81:78:43:cb,10.10.2.239
David Boyd,fe:55:2c:84:4a:6a,10.10.2.240
Samuel Rice,3a:b2:bb:fb:ae:63,10.10.2.241
Suzanne Alexander,c4:e8:fe:73:0b:de,10.10.2.242
Misty Rogers,cb:eb:4c:1c:be:9e,10.10.2.243
Tiffany Fletcher,a6:7f:e2:e7:2d:08,10.10.2.244
Diana Jennings,22:fc:4b:26:21:ce,10.10.2.245
Tonya Medina,7f:42:ed:ee:a7:79,10.10.2.246
Thomas Lawson,a9:79:a4:b3:c4:45,10.10.2.247
Jerry Baker,5a:d5:20:c6:79:58,10.10.2.248
Matthew Garcia,5c:24:fd:d0:6c:51,10.10.2.249
Sabrina Ruiz,59:e4:0b:10:a2:b0,10.10.2.250
Daniel Jordan,c1:22:45:93:cc:59,10.10.2.251
Nicole Wilson,57:ce:4f:ba:a0:6b,10.10.2.252
Andrea Montes,b3:a8:f4:15:4d:a3,10.10.2.253
Lisa Wang,90:ef:00:20:9f:ff,10.10.2.254
Kevin Sparks,aa:48:a9:4a:20:98,10.10.3.0
Brandon Williams,73:61:88:68:7b:06,10.10.3.1
Steven Harris,43:7a:9b:93:2a:3c,10.10.3.2
Linda Phillips,20:b5:da:f1:14:4b,10.10.3.3
Stephen Pratt,7c:be:12:09:b5:dc,10.10.3.4
Troy Crawford,c9:d7:90:04:cf:b6,10.10.3.5
David Weber,18:f9:f7:ff:3b:0f,10.10.3.6
Timothy Myers,b8:2b:9a:56:f9:be,10.10.3.7
Stephen Hawkins,46:29:07:8a:1b:49,10.10.3.8
Joshua Irwin,06:c4:d4:25:9d:a6,10.10.3.9
Hannah Higgins,0a:0a:67:16:21:0f,10.10.3.10
Michael Cain DVM,b9:d5:7f:69:d2:00,10.10.3.11
Diane Gray,34:43:24:1d:5d:a1,10.10.3.12
Annette Bailey,5f:fe:f9:a9:14:e9,10.10.3.13
Rachel Collins,14:53:6f:e9:dd:67,10.10.3.14
Susan Giles,d3:99:9d:00:01:03,10.10.3.15
Katrina Stephenson,de:4c:b8:f3:f4:6b,10.10.3.16
Ricky Macdonald,51:73:2a:44:66:20,10.10.3.17
Pamela Griffin,5b:71:46:01:25:2e,10.10.3.18
John Larson,75:f8:37:99:11:86,10.10.3.19
Brandy Estrada,47:7b:b9:05:e2:ce,10.10.3.20
Stephen Pope,a0:80:ea:8f:1b:9f,10.10.3.21
Sandra Perry,44:eb:02:a5:8a:d6,10.10.3.22
Melissa Fox,27:76:33:93:4b:2a,10.10.3.23
Susan Anderson,28:c6:cf:7d:b9:c0,10.10.3.24
Theresa Potts,f6:0a:17:69:49:1a,10.10.3.25
Briana Harris,3e:54:d6:ed:d1:18,10.10.3.26
Courtney Smith,0c:95:95:2d:0f:79,10.10.3.27
Lori Allen,f4:5d:16:ad:ba:b7,10.10.3.28
David Reese,d0:5d:e2:f9:a6:cf,10.10.3.29
Sergio Russell,7c:b2:57:d5:5d:10,10.10.3.30
Deborah Hamilton,cb:60:e9:7c:8d:4e,10.10.3.31
Ryan Black,08:7e:a9:14:37:a7,10.10.3.32
Joyce Calhoun,36:eb:a6:b7:17:13,10.10.3.33
John Adams,30:48:35:b9:59:45,10.10.3.34
Lance Thompson,c0:f2:25:22:78:04,10.10.3.35
Kevin Bell,40:3e:8b:33:af:7e,10.10.3.36
Leslie Benjamin,ea:7c:de:a4:61:84,10.10.3.37
Ashley Flowers,8b:2e:5c:ae:8e:62,10.10.3.38
Bradley Marshall,d4:5d:1e:d8:91:8f,10.10.3.39
Steven Brown,34:2b:bd:59:c6:c6,10.10.3.40
Melissa Armstrong,7b:da:4e:e0:28:eb,10.10.3.41
Donald Aguilar,c6:23:6d:d2:da:9d,10.10.3.42
Pamela Williams,57:e1:50:fc:9d:ae,10.10.3.43
Tricia Roberts,e2:6a:88:aa:1b:ea,10.10.3.44
Scott Yu,3f:1e:5f:a9:de:47,10.10.3.45
Christine Hansen,9a:37:f4:4b:f4:7d,10.10.3.46
Joy Harris,7a:06:37:f1:51:39,10.10.3.47
Leslie Shaw,7a:fa:ff:1b:d0:b9,10.10.3.48
Kelly Lane,d4:2f:60:dd:8c:a5,10.10.3.49
William Andrews,14:34:57:a2:2b:a1,10.10.3.50
Beth Brown,72:70:7b:54:8d:b7,10.10.3.51
Daniel Gomez,69:08:2a:b8:95:c2,10.10.3.52
Jeffrey Miller,05:88:2b:e0:8a:f4,10.10.3.53
Brittany Harris,51:20:5c:18:e7:fd,10.10.3.54
Krystal Scott,31:2c:05:54:33:19,10.10.3.55
Karen Peck,e4:f6:18:16:07:69,10.10.3.56
Michael Hall,b6:ab:3d:2f:07:19,10.10.3.57
Keith Lopez,68:50:3d:ae:0f:ff,10.10.3.58
Brenda Mccall,22:eb:d7:d5:8a:3f,10.10.3.59
Samantha Cain,05:29:df:69:0e:41,10.10.3.60
Cindy Bishop,8b:92:0c:56:fa:5d,10.10.3.61
Stacey Roy,1e:bb:e6:42:bb:2d,10.10.3.62
Michael Stanley,c2:ed:4c:e8:e5:e7,10.10.3.63
Ashley Adkins,6c:1f:e7:c1:e5:b9,10.10.3.64
Xavier Cooper,ca:29:41:82:de:02,10.10.3.65
Rachel Schwartz,14:10:e4:62:63:58,10.10.3.66
Jack Lawson,d8:2d:09:cd:96:a0,10.10.3.67
Martin Houston,23:05:24:de:f9:1f,10.10.3.68
Angela Peters,25:d6:1d:8c:27:d1,10.10.3.69
Jennifer Ramos,f6:a0:c6:36:48:3a,10.10.3.70
Daniel Flores,6e:ba:c7:04:f4:27,10.10.3.71
Jeremiah Clark,63:de:fb:57:b4:17,10.10.3.72
Kathryn Sanders,41:6a:9c:74:03:10,10.10.3.73
James Sanders,87:0c:1f:cd:5d:b5,10.10.3.74
Mary Morales,01:9a:b0:13:31:9f,10.10.3.75
Jennifer Hayes,9b:a5:06:5c:9c:51,10.10.3.76
Sue Garcia,49:45:83:a5:46:5a,10.10.3.77
Rhonda Bennett,93:45:17:30:8d:92,10.10.3.78
Kristina Bell,e3:46:ae:e5:d6:b8,10.10.3.79
Jill Rich,55:e5:da:1a:48:4e,10.10.3.80
Betty Gonzalez,0f:7a:e5:c7:f8:fb,10.10.3.81
Suzanne Wiley,8c:4c:68:2c:98:75,10.10.3.82
John Flores,a9:a5:98:78:be:68,10.10.3.83
Cheryl Bond,d3:f2:33:77:4f:e5,10.10.3.84
John Castillo,be:78:17:54:57:f2,10.10.3.85
Dennis Austin,a4:df:fd:f0:76:17,10.10.3.86
Bryce Campbell,ca:57:90:42:38:80,10.10.3.87
Richard Rivera,7a:7d:91:2f:75:db,10.10.3.88
Shawn Lewis,0e:b6:b0:58:05:5c,10.10.3.89
Krista Thompson,7f:ae:27:3c:77:ff,10.10.3.90
Shane Lane,5f:fc:84:0e:8f:39,10.10.3.91
Jeremy Spencer,9c:44:a0:b3:07:93,10.10.3.92
Janice Mcgrath,91:86:80:df:fa:48,10.10.3.93
Joshua Anderson,bd:37:15:33:d5:8c,10.10.3.94
Ronald Christian,f7:ee:88:7d:50:f4,10.10.3.95
Gregory Jackson,64:1c:84:79:fd:47,10.10.3.96
Brianna Santos,9b:18:36:01:39:e0,10.10.3.97
Vickie Allen,3f:e7:48:f1:e0:e4,10.10.3.98
Mr. Bryan Spencer,8f:ab:33:43:fb:0e,10.10.3.99
Cameron Rogers,eb:2e:a7:11:63:37,10.10.3.100
Samuel Acosta,37:92:18:26:f5:56,10.10.3.101
Daniel Kennedy,af:84:15:cf:fc:e3,10.10.3.102
Jennifer Brandt,34:c5:15:51:0e:fe,10.10.3.103
Tonya Baldwin,5e:24:02:1a:e6:b9,10.10.3.104
Adam Campbell,37:5e:ac:3e:17:04,10.10.3.105
Alan Joseph,87:31:03:ec:65:0d,10.10.3.106
Lauren Sanchez,42:2f:b6:16:f8:0c,10.10.3.107
Jesse Moore,da:cd:f4:05:a0:f0,10.10.3.108
Nicole Robinson,34:e3:5c:ab:1c:63,10.10.3.109
Amber Jordan,15:9a:ea:c9:25:01,10.10.3.110
Russell Anderson,aa:c5:23:80:52:d3,10.10.3.111
Melissa Bates,ee:5b:db:e7:e5:ff,10.10.3.112
Jesse Gardner,8a:67:ac:aa:55:75,10.10.3.113
Matthew Ballard,a4:14:b1:4f:57:aa,10.10.3.114
Kathy Davis,0c:9d:06:3e:94:03,10.10.3.115
Mary Mills,f9:15:b2:6d:d0:be,10.10.3.116
Kristina Harris,89:f7:7d:4a:ed:52,10.10.3.117
Jesse Hampton,2e:a6:0b:f3:99:f9,10.10.3.118
Michele Jones,32:73:a7:23:2d:54,10.10.3.119
Dale Reed,5b:b9:29:19:b5:4a,10.10.3.120
Gregory Smith,c8:ce:c6:f4:ab:5e,10.10.3.121
Bryan Hughes,3c:f2:76:c4:f8:39,10.10.3.122
Angela Foster,7b:2d:a1:ee:4e:6d,10.10.3.123
Gregory Williams,10:8d:59:7b:fc:16,10.10.3.124
Mark Chavez,86:e1:36:7b:fb:fa,10.10.3.125
Terry Bowman,4c:b6:38:ee:7c:12,10.10.3.126
Kimberly Lopez,2a:36:20:01:ef:91,10.10.3.127
Kyle Jackson,1c:28:06:87:b2:ab,10.10.3.128
Donna Barnes,c2:83:0d:64:93:18,10.10.3.129
Carrie Gregory,b5:81:24:30:08:e4,10.10.3.130
Melissa Potts,ff:f4:ba:8f:53:a7,10.10.3.131
Dustin Ball,e7:51:8b:0b:9c:14,10.10.3.132
Nicole Oneal,c6:e8:d4:ab:e6:c3,10.10.3.133
Jessica Mitchell,0d:99:0e:e0:08:06,10.10.3.134
Debbie Bray,a3:f4:97:af:8c:42,10.10.3.135
Gregory Bullock,c6:e6:ad:c6:98:0e,10.10.3.136
Mrs. Sarah Roberts,23:d4:64:06:42:35,10.10.3.137
Scott Jones,a9:a8:c0:ee:b4:f8,10.10.3.138
Kimberly Allen,3f:06:1c:b2:0e:e5,10.10.3.139
Teresa Fisher,da:43:1d:59:0f:28,10.10.3.140
Phyllis Hernandez,ac:cc:47:12:bc:8d,10.10.3.141
Shannon Mills,90:d8:79:f9:ab:45,10.10.3.142
Joyce Barnes,c1:be:83:30:fe:75,10.10.3.143
James Norman,1c:32:e5:29:9d:a2,10.10.3.144
Evan Brown,72:90:3d:a0:8f:6c,10.10.3.145
Deborah Frazier,24:e1:b7:86:18:50,10.10.3.146
Casey Rivera,7d:b6:8d:00:9c:e2,10.10.3.147
Aaron Sims,f6:07:ef:88:31:38,10.10.3.148
Christopher Parker,c7:04:8e:55:17:f2,10.10.3.149
Meghan Evans,e4:23:93:68:f6:c1,10.10.3.150
David Cooper,2d:ee:13:c8:bd:55,10.10.3.151
Kathy George,0b:d8:c6:73:da:ed,10.10.3.152
Rachel Lynch,0d:06:92:a0:bf:b4,10.10.3.153
Mrs. Michelle Castro MD,12:5a:ff:48:0e:bc,10.10.3.154
Martin Cooper,e3:a2:d4:9a:e8:8e,10.10.3.155
David Dixon,cc:f0:a1:e2:1d:c9,10.10.3.156
Mr. Ernest Morales,f2:dd:ad:71:4f:e2,10.10.3.157
Katrina Levine,b8:e5:c8:fe:8f:d1,10.10.3.158
Tony Combs,a1:84:ae:e0:5a:07,10.10.3.159
Kerri Lopez,13:d9:84:10:04:48,10.10.3.160
Jessica Leblanc,dc:44:47:91:1c:85,10.10.3.161
Michelle Taylor,7f:e9:9c:1d:9c:1d,10.10.3.162
Nichole Sandoval,9b:b8:2c:59:75:87,10.10.3.163
Elizabeth West,47:9c:38:3f:1b:65,10.10.3.164
Gregory Lang,63:28:af:f2:c6:03,10.10.3.165
James Morse,65:84:de:12:0d:2f,10.10.3.166
Seth Vasquez,a7:22:2b:d6:35:bf,10.10.3.167
Tiffany Arias,8a:1f:04:97:da:68,10.10.3.168
Henry Willis,e8:4c:9e:30:a6:42,10.10.3.169
Brian Williams,f1:19:6b:07:71:fc,10.10.3.170
Gary Clark,88:af:fa:fb:81:8d,10.10.3.171
Danielle Jones,61:a6:b3:04:81:6f,10.10.3.172
Aaron Aguirre,c5:4e:e0:11:78:84,10.10.3.173
Debbie Castro,88:9c:f8:0d:7f:56,10.10.3.174
Melissa Butler,5a:b5:b1:96:eb:75,10.10.3.175
John Brown,17:cf:90:2a:7f:e3,10.10.3.176
Daniel Mitchell,af:a0:54:f2:e1:4a,10.10.3.177
Meagan Blair DDS,1c:26:21:bd:08:a6,10.10.3.178
Brian Fitzgerald,47:9c:cc:0a:e2:30,10.10.3.179
Joshua Patel,dd:69:b6:06:de:69,10.10.3.180
Leslie Adkins,b9:51:3c:83:45:93,10.10.3.181
Kevin Golden,28:d0:5e:15:44:55,10.10.3.182
Danielle Howard,e1:4d:04:bd:87:39,10.10.3.183
Jacqueline Miller,40:43:92:a7:ac:b6,10.10.3.184
Steven Ritter,21:c2:c0:53:3f:ef,10.10.3.185
Holly Gonzalez,38:83:29:41:f2:83,10.10.3.186
Stephanie Andrews,e5:f0:b1:d9:ab:6c,10.10.3.187
Mr. Jason Gibson,ea:95:02:b4:d4:8f,10.10.3.188
Katelyn Moody,60:19:4d:97:ee:6f,10.10.3.189
James Hunt,3a:90:26:23:6b:2c,10.10.3.190
Shannon Hull,1f:d8:bd:da:a9:4e,10.10.3.191
Austin Price,f5:4e:df:c9:77:68,10.10.3.192
Megan Larson,70:aa:ff:2f:17:f8,10.10.3.193
Monica Brock,3f:17:e5:c6:9b:3d,10.10.3.194
Todd Clark,b6:91:a6:bd:6f:16,10.10.3.195
John Miller,83:a0:05:87:d9:05,10.10.3.196
John Torres,d2:f1:6e:0d:aa:a0,10.10.3.197
Christine Baker,aa:1a:a0:89:c3:e4,10.10.3.198
Erin Ortiz,41:4a:9f:b5:ef:eb,10.10.3.199
Mary Smith,13:b5:dc:9e:57:1a,10.10.3.200
Kenneth Sanders,97:18:22:18:66:2c,10.10.3.201
Julie Douglas,b2:9e:0a:e0:e0:94,10.10.3.202
Tina Sawyer,7d:a1:33:5a:7d:9f,10.10.3.203
Aaron Brown,1a:71:73:e9:90:c0,10.10.3.204
Brandy Francis,f2:c0:9e:02:d5:47,10.10.3.205
Teresa Hall,10:e0:a6:f8:7e:b2,10.10.3.206
Carrie Allen,4b:f1:b2:62:17:02,10.10.3.207
Samuel Martinez,17:6e:88:3f:be:d1,10.10.3.208
Christina Johnson,cd:4c:ad:b4:bf:e9,10.10.3.209
Brittany Bridges,8f:ff:ba:30:75:e8,10.10.3.210
Deborah Ramos,02:94:87:9d:dc:76,10.10.3.211
Marissa Roberts,c6:57:96:63:20:d6,10.10.3.212
Christopher Gonzalez,dc:7c:c5:6b:32:47,10.10.3.213
Frank Turner,43:17:69:1e:ac:27,10.10.3.214
Emily Thomas,29:75:d2:bd:73:2f,10.10.3.215
Stephen Gray,1f:b9:c7:a3:2d:a6,10.10.3.216
Dennis Blevins,81:35:9a:37:65:ae,10.10.3.217
Richard Moore,a0:74:0e:9b:80:e6,10.10.3.218
Daniel Nunez,21:2f:da:33:33:ef,10.10.3.219
Teresa Elliott,3c:b2:ad:6a:95:d5,10.10.3.220
Keith Johnson,3c:81:03:cd:4f:29,10.10.3.221
Linda Blackwell,53:c8:b6:79:66:9f,10.10.3.222
Charles Patel,01:f3:8d:7a:0f:c2,10.10.3.223
Colton Adams,5f:48:c9:05:68:dc,10.10.3.224
Stephanie Morgan,63:25:49:3d:a3:0c,10.10.3.225
Joe Buchanan,0c:4a:6f:4f:3e:94,10.10.3.226
Samantha Atkins,1b:23:32:71:96:2f,10.10.3.227
Angela Jones,07:27:2b:cc:55:52,10.10.3.228
Jane Young,4f:99:01:87:d9:1f,10.10.3.229
Kelly Bond,c0:b7:21:ca:9f:45,10.10.3.230
John Lee,07:2a:a3:d2:26:57,10.10.3.231
Leslie Rodgers,bd:ae:6c:c4:9a:82,10.10.3.232
Timothy Walker,9f:46:39:2a:57:60,10.10.3.233
Teresa Maynard,94:40:9f:9c:01:c9,10.10.3.234
Teresa Parker,4f:6e:fb:d5:26:be,10.10.3.235
